{
  "titleDisplayMode": "alias",
  "moduloRegistroTiempo": true,
  "moduloAliasStatusBar": false,
  "moduloBase": true,
  "moduloGTD": true,
  "file_camposCentral": "Estructura/Campos Sistema Gestion/Campos Sistema Central",
  "folder_Anotaciones": "Anotaciones/Notas",
  "indice_Anotaciones": "Anotaciones/Indice Anotaciones",
  "folder_ABlog": "Subsistemas/Articulos Blog/Articulos",
  "indice_ABlog": "Subsistemas/Articulos Blog/Indice Articulos Blog",
  "folder_Desarrollos": "Subsistemas/Desarrollos/Codigos",
  "indice_Desarrollos": "Subsistemas/Desarrollos/Indice Desarrollo",
  "folder_Estudio": "Subsistemas/Estudio/Temas",
  "indice_Estudio": "Subsistemas/Estudio/Indice Estudio",
  "folder_LecturaSesiones": "Subsistemas/Lectura/Sesiones de Lectura/Sesiones",
  "indice_LecturaSesiones": "Subsistemas/Lectura/Sesiones de Lectura/Indice Sesiones Lectura",
  "folder_LecturaResumenes": "Subsistemas/Lectura/Libros/Resumenes/",
  "indice_LecturaResumenes": "Subsistemas/Lectura/Libros/Indice Resumenes",
  "folder_Mentorias": "Subsistemas/Mentorias/Sesiones Mentoria",
  "indice_Mentorias": "Subsistemas/Mentorias/Indice Mentorias",
  "folder_Mercado": "Subsistemas/Mercado/Listas",
  "indice_Mercado": "Subsistemas/Mercado/Indice Mercado",
  "folder_ModulosSistema": "Subsistemas/Modulos Sistema Gestion/Modulos",
  "indice_ModulosSistema": "Subsistemas/Modulos Sistema Gestion/Indice Modulos",
  "folder_Pagos": "Subsistemas/Pagos/Notas",
  "indice_Pagos": "Subsistemas/Pagos/Indice Pagos",
  "folder_Presentaciones": "Subsistemas/Presentaciones/Notas",
  "indice_Presentaciones": "Subsistemas/Presentaciones/Indice Presentaciones",
  "folder_Publicaciones": "Subsistemas/Publicaciones/Piezas",
  "indice_Publicaciones": "Subsistemas/Publicaciones/Indice Publicaciones",
  "folder_Recetas": "Subsistemas/Recetas/Recetas",
  "indice_Recetas": "Subsistemas/Recetas/Indice Recetas",
  "folder_RegistroTiempo": "Subsistemas/Registro Tiempo/Registros",
  "indice_RegistroTiempo": "Subsistemas/Registro Tiempo/Indice Registro Tiempo",
  "folder_AreasVida": "Estructura/Areas de Vida",
  "indice_AreasVida": "Estructura/Areas de Vida/Indice Areas de Vida",
  "folder_AreasInteres": "Estructura/Areas de Interes",
  "indice_AreasInteres": "Estructura/Areas de Interes/Indice Areas de Interes",
  "folder_TemasInteres": "Estructura/Temas de Interes",
  "indice_TemasInteres": "Estructura/Temas de Interes/Indice Temas de Interes",
  "folder_RecursosRecurrentes": "Estructura/Recursos Recurrentes/Recursos",
  "indice_RecursosRecurrentes": "Estructura/Recursos Recurrentes/Indice Recursos Recurrentes",
  "folder_ProyectosQ": "Estructura/Proyectos de Q",
  "indice_ProyectosQ": "Estructura/Proyectos de Q/Indice Proyectos de Q",
  "file_Inbox": "Estructura/GTD/Bandeja de Entrada/Bandeja de Entrada",
  "folder_ProyectosGTD": "Estructura/GTD/Proyectos GTD/Proyectos",
  "indice_ProyectosGTD": "Estructura/GTD/Proyectos GTD/Indice Proyectos GTD",
  "folder_RSGTD": "Estructura/GTD/Revision Semanal/Revisiones/",
  "indice_RSGTD": "Estructura/GTD/Revision Semanal/Indice Revision Semanal",
  "folder_Diario": "Estructura/Journal/Diario/Notas",
  "indice_Diario": "Estructura/Journal/Diario/Indice Diario",
  "folder_Semanal": "Estructura/Journal/Semanal/Notas",
  "indice_Semanal": "Estructura/Journal/Semanal/Indice Semanal",
  "folder_Mensual": "Estructura/Journal/Mensual/Notas",
  "indice_Mensual": "Estructura/Journal/Mensual/Indice Mensual",
  "folder_Trimestral": "Estructura/Journal/Trimestral/Notas",
  "indice_Trimestral": "Estructura/Journal/Trimestral/Indice Trimestral",
  "folder_Anual": "Estructura/Journal/Anual/Notas",
  "indice_Anual": "Estructura/Journal/Anual/Indice Anual",
  "nameFile_AreasVida": "indexAV",
  "nameFile_AreasInteres": "indexAI"
}